<?xml version="1.0" encoding="UTF-8"?>
<export version="E">
  <design>
    <source>C:\Users\antsa\Downloads\flatsat\flatsat\flatsat.kicad_sch</source>
    <date>3/10/2023 6:45:48 PM</date>
    <tool>Eeschema (6.0.9)</tool>
    <sheet number="1" name="/" tstamps="/">
      <title_block>
        <title/>
        <company/>
        <rev/>
        <date/>
        <source>flatsat.kicad_sch</source>
        <comment number="1" value=""/>
        <comment number="2" value=""/>
        <comment number="3" value=""/>
        <comment number="4" value=""/>
        <comment number="5" value=""/>
        <comment number="6" value=""/>
        <comment number="7" value=""/>
        <comment number="8" value=""/>
        <comment number="9" value=""/>
      </title_block>
    </sheet>
  </design>
  <components>
    <comp ref="1H1">
      <value>Conn_02x26_Odd_Even</value>
      <footprint>SilverSat_footprints:TheBus2x26</footprint>
      <fields>
        <field name="MPN">ESQ-126-39-G-D</field>
        <field name="Manufacturer">SAMTECH</field>
      </fields>
      <libsource lib="Connector_Generic" part="Conn_02x26_Odd_Even" description="Generic connector, double row, 02x26, odd/even pin numbering scheme (row 1 odd numbers, row 2 even numbers), script generated (kicad-library-utils/schlib/autogen/connector/)"/>
      <property name="Manufacturer" value="SAMTECH"/>
      <property name="MPN" value="ESQ-126-39-G-D"/>
      <property name="Sheetname" value=""/>
      <property name="Sheetfile" value="flatsat.kicad_sch"/>
      <sheetpath names="/" tstamps="/"/>
      <tstamps>bf4b6388-0d8f-4bdc-9b56-c2840817431e</tstamps>
    </comp>
    <comp ref="1H2">
      <value>Conn_02x26_Odd_Even</value>
      <footprint>SilverSat_footprints:TheBus2x26</footprint>
      <fields>
        <field name="MPN">ESQ-126-39-G-D</field>
        <field name="Manufacturer">SAMTECH</field>
      </fields>
      <libsource lib="Connector_Generic" part="Conn_02x26_Odd_Even" description="Generic connector, double row, 02x26, odd/even pin numbering scheme (row 1 odd numbers, row 2 even numbers), script generated (kicad-library-utils/schlib/autogen/connector/)"/>
      <property name="Manufacturer" value="SAMTECH"/>
      <property name="MPN" value="ESQ-126-39-G-D"/>
      <property name="Sheetname" value=""/>
      <property name="Sheetfile" value="flatsat.kicad_sch"/>
      <sheetpath names="/" tstamps="/"/>
      <tstamps>9617c6bd-2dac-499b-b628-f030d9979457</tstamps>
    </comp>
    <comp ref="2H1">
      <value>Conn_02x26_Odd_Even</value>
      <footprint>SilverSat_footprints:TheBus2x26</footprint>
      <fields>
        <field name="MPN">ESQ-126-37-G-D</field>
        <field name="Manufacturer">SAMTECH</field>
      </fields>
      <libsource lib="Connector_Generic" part="Conn_02x26_Odd_Even" description="Generic connector, double row, 02x26, odd/even pin numbering scheme (row 1 odd numbers, row 2 even numbers), script generated (kicad-library-utils/schlib/autogen/connector/)"/>
      <property name="MPN" value="ESQ-126-37-G-D"/>
      <property name="Manufacturer" value="SAMTECH"/>
      <property name="Sheetname" value=""/>
      <property name="Sheetfile" value="flatsat.kicad_sch"/>
      <sheetpath names="/" tstamps="/"/>
      <tstamps>53223b02-2dc8-44f2-82f7-37e5058a66d4</tstamps>
    </comp>
    <comp ref="2H2">
      <value>Conn_02x26_Odd_Even</value>
      <footprint>SilverSat_footprints:TheBus2x26</footprint>
      <fields>
        <field name="MPN">ESQ-126-37-G-D</field>
        <field name="Manufacturer">SAMTECH</field>
      </fields>
      <libsource lib="Connector_Generic" part="Conn_02x26_Odd_Even" description="Generic connector, double row, 02x26, odd/even pin numbering scheme (row 1 odd numbers, row 2 even numbers), script generated (kicad-library-utils/schlib/autogen/connector/)"/>
      <property name="MPN" value="ESQ-126-37-G-D"/>
      <property name="Manufacturer" value="SAMTECH"/>
      <property name="Sheetname" value=""/>
      <property name="Sheetfile" value="flatsat.kicad_sch"/>
      <sheetpath names="/" tstamps="/"/>
      <tstamps>45a2d692-60b3-4247-9d9d-9168a692a8d9</tstamps>
    </comp>
    <comp ref="3H1">
      <value>Conn_02x26_Odd_Even</value>
      <footprint>SilverSat_footprints:TheBus2x26</footprint>
      <fields>
        <field name="MPN">ESQ-126-37-G-D</field>
        <field name="Manufacturer">SAMTECH</field>
      </fields>
      <libsource lib="Connector_Generic" part="Conn_02x26_Odd_Even" description="Generic connector, double row, 02x26, odd/even pin numbering scheme (row 1 odd numbers, row 2 even numbers), script generated (kicad-library-utils/schlib/autogen/connector/)"/>
      <property name="MPN" value="ESQ-126-37-G-D"/>
      <property name="Manufacturer" value="SAMTECH"/>
      <property name="Sheetname" value=""/>
      <property name="Sheetfile" value="flatsat.kicad_sch"/>
      <sheetpath names="/" tstamps="/"/>
      <tstamps>72825433-cffa-4a6f-b4c6-28b589d96e32</tstamps>
    </comp>
    <comp ref="3H2">
      <value>Conn_02x26_Odd_Even</value>
      <footprint>SilverSat_footprints:TheBus2x26</footprint>
      <fields>
        <field name="MPN">ESQ-126-37-G-D</field>
        <field name="Manufacturer">SAMTECH</field>
      </fields>
      <libsource lib="Connector_Generic" part="Conn_02x26_Odd_Even" description="Generic connector, double row, 02x26, odd/even pin numbering scheme (row 1 odd numbers, row 2 even numbers), script generated (kicad-library-utils/schlib/autogen/connector/)"/>
      <property name="MPN" value="ESQ-126-37-G-D"/>
      <property name="Manufacturer" value="SAMTECH"/>
      <property name="Sheetname" value=""/>
      <property name="Sheetfile" value="flatsat.kicad_sch"/>
      <sheetpath names="/" tstamps="/"/>
      <tstamps>817f54af-4b91-4100-83f3-72be606018a7</tstamps>
    </comp>
    <comp ref="4H1">
      <value>Conn_02x26_Odd_Even</value>
      <footprint>SilverSat_footprints:TheBus2x26</footprint>
      <fields>
        <field name="MPN">ESQ-126-37-G-D</field>
        <field name="Manufacturer">SAMTECH</field>
      </fields>
      <libsource lib="Connector_Generic" part="Conn_02x26_Odd_Even" description="Generic connector, double row, 02x26, odd/even pin numbering scheme (row 1 odd numbers, row 2 even numbers), script generated (kicad-library-utils/schlib/autogen/connector/)"/>
      <property name="MPN" value="ESQ-126-37-G-D"/>
      <property name="Manufacturer" value="SAMTECH"/>
      <property name="Sheetname" value=""/>
      <property name="Sheetfile" value="flatsat.kicad_sch"/>
      <sheetpath names="/" tstamps="/"/>
      <tstamps>5cab95e1-00fb-4243-9b84-b9e2f6458805</tstamps>
    </comp>
    <comp ref="4H2">
      <value>Conn_02x26_Odd_Even</value>
      <footprint>SilverSat_footprints:TheBus2x26</footprint>
      <fields>
        <field name="MPN">ESQ-126-37-G-D</field>
        <field name="Manufacturer">SAMTECH</field>
      </fields>
      <libsource lib="Connector_Generic" part="Conn_02x26_Odd_Even" description="Generic connector, double row, 02x26, odd/even pin numbering scheme (row 1 odd numbers, row 2 even numbers), script generated (kicad-library-utils/schlib/autogen/connector/)"/>
      <property name="MPN" value="ESQ-126-37-G-D"/>
      <property name="Manufacturer" value="SAMTECH"/>
      <property name="Sheetname" value=""/>
      <property name="Sheetfile" value="flatsat.kicad_sch"/>
      <sheetpath names="/" tstamps="/"/>
      <tstamps>ba3a06e3-888d-424f-9afc-1138c24e5ab6</tstamps>
    </comp>
    <comp ref="5H1">
      <value>Conn_02x26_Odd_Even</value>
      <footprint>SilverSat_footprints:TheBus2x26</footprint>
      <fields>
        <field name="MPN">ESQ-126-37-G-D</field>
        <field name="Manufacturer">SAMTECH</field>
      </fields>
      <libsource lib="Connector_Generic" part="Conn_02x26_Odd_Even" description="Generic connector, double row, 02x26, odd/even pin numbering scheme (row 1 odd numbers, row 2 even numbers), script generated (kicad-library-utils/schlib/autogen/connector/)"/>
      <property name="MPN" value="ESQ-126-37-G-D"/>
      <property name="Manufacturer" value="SAMTECH"/>
      <property name="Sheetname" value=""/>
      <property name="Sheetfile" value="flatsat.kicad_sch"/>
      <sheetpath names="/" tstamps="/"/>
      <tstamps>027f8275-5f86-414f-9fda-51383ddbc533</tstamps>
    </comp>
    <comp ref="5H2">
      <value>Conn_02x26_Odd_Even</value>
      <footprint>SilverSat_footprints:TheBus2x26</footprint>
      <fields>
        <field name="MPN">ESQ-126-37-G-D</field>
        <field name="Manufacturer">SAMTECH</field>
      </fields>
      <libsource lib="Connector_Generic" part="Conn_02x26_Odd_Even" description="Generic connector, double row, 02x26, odd/even pin numbering scheme (row 1 odd numbers, row 2 even numbers), script generated (kicad-library-utils/schlib/autogen/connector/)"/>
      <property name="MPN" value="ESQ-126-37-G-D"/>
      <property name="Manufacturer" value="SAMTECH"/>
      <property name="Sheetname" value=""/>
      <property name="Sheetfile" value="flatsat.kicad_sch"/>
      <sheetpath names="/" tstamps="/"/>
      <tstamps>885ee427-cf8f-41c2-abcb-c82a207a53dc</tstamps>
    </comp>
    <comp ref="C1">
      <value>10u</value>
      <footprint>Capacitor_SMD:C_2220_5650Metric_Pad1.97x5.40mm_HandSolder</footprint>
      <fields>
        <field name="MPN">22205C106K4Z4A</field>
        <field name="Manufacturer">KYOCERA AVX</field>
      </fields>
      <libsource lib="Device" part="C_Small" description="Unpolarized capacitor, small symbol"/>
      <property name="MPN" value="22205C106K4Z4A"/>
      <property name="Manufacturer" value="KYOCERA AVX"/>
      <property name="Sheetname" value=""/>
      <property name="Sheetfile" value="flatsat.kicad_sch"/>
      <sheetpath names="/" tstamps="/"/>
      <tstamps>e37dc3c6-4b6e-48d6-b650-e441330558f8</tstamps>
    </comp>
    <comp ref="C2">
      <value>10u</value>
      <footprint>Capacitor_SMD:C_2220_5650Metric_Pad1.97x5.40mm_HandSolder</footprint>
      <fields>
        <field name="MPN">22205C106K4Z4A</field>
        <field name="Manufacturer">KYOCERA AVX</field>
      </fields>
      <libsource lib="Device" part="C_Small" description="Unpolarized capacitor, small symbol"/>
      <property name="MPN" value="22205C106K4Z4A"/>
      <property name="Manufacturer" value="KYOCERA AVX"/>
      <property name="Sheetname" value=""/>
      <property name="Sheetfile" value="flatsat.kicad_sch"/>
      <sheetpath names="/" tstamps="/"/>
      <tstamps>313b8513-a4e2-4666-bbdc-418b6f2b3fa9</tstamps>
    </comp>
    <comp ref="J1">
      <value>Conn_01x02_Male</value>
      <footprint>Connector_PinHeader_2.54mm:PinHeader_1x02_P2.54mm_Vertical</footprint>
      <libsource lib="Connector" part="Conn_01x02_Male" description="Generic connector, single row, 01x02, script generated (kicad-library-utils/schlib/autogen/connector/)"/>
      <property name="Sheetname" value=""/>
      <property name="Sheetfile" value="flatsat.kicad_sch"/>
      <sheetpath names="/" tstamps="/"/>
      <tstamps>ee3c1b1e-1e99-4819-871f-2bb36fb45ebe</tstamps>
    </comp>
    <comp ref="J2">
      <value>Conn_01x01_Male</value>
      <footprint>Connector:CalTest_CT3151</footprint>
      <fields>
        <field name="MPN">CT3151-0</field>
        <field name="Manufacturer">Cal Test Electronics</field>
      </fields>
      <libsource lib="Connector" part="Conn_01x01_Male" description="Generic connector, single row, 01x01, script generated (kicad-library-utils/schlib/autogen/connector/)"/>
      <property name="MPN" value="CT3151-0"/>
      <property name="Manufacturer" value="Cal Test Electronics"/>
      <property name="Sheetname" value=""/>
      <property name="Sheetfile" value="flatsat.kicad_sch"/>
      <sheetpath names="/" tstamps="/"/>
      <tstamps>d89cb96a-ded3-4949-a1be-7331738b0e76</tstamps>
    </comp>
    <comp ref="J3">
      <value>Conn_01x01_Male</value>
      <footprint>Connector:CalTest_CT3151</footprint>
      <fields>
        <field name="MPN">CT3151-0</field>
        <field name="Manufacturer">Cal Test Electronics</field>
      </fields>
      <libsource lib="Connector" part="Conn_01x01_Male" description="Generic connector, single row, 01x01, script generated (kicad-library-utils/schlib/autogen/connector/)"/>
      <property name="MPN" value="CT3151-0"/>
      <property name="Manufacturer" value="Cal Test Electronics"/>
      <property name="Sheetname" value=""/>
      <property name="Sheetfile" value="flatsat.kicad_sch"/>
      <sheetpath names="/" tstamps="/"/>
      <tstamps>230952d6-1d00-4422-8f4f-27f5eae0e1fc</tstamps>
    </comp>
    <comp ref="J4">
      <value>Conn_01x02_Male</value>
      <footprint>Connector_PinHeader_2.54mm:PinHeader_1x02_P2.54mm_Vertical</footprint>
      <libsource lib="Connector" part="Conn_01x02_Male" description="Generic connector, single row, 01x02, script generated (kicad-library-utils/schlib/autogen/connector/)"/>
      <property name="Sheetname" value=""/>
      <property name="Sheetfile" value="flatsat.kicad_sch"/>
      <sheetpath names="/" tstamps="/"/>
      <tstamps>c80f8e02-6220-4071-8770-86d5a73e4208</tstamps>
    </comp>
    <comp ref="TP1">
      <value>TestPoint</value>
      <footprint>flatsat:2.5drillhole_padconnector</footprint>
      <fields>
        <field name="MPN">1502-3</field>
        <field name="Manufacturer">Keystone Electronics</field>
      </fields>
      <libsource lib="Connector" part="TestPoint" description="test point"/>
      <property name="MPN" value="1502-3"/>
      <property name="Manufacturer" value="Keystone Electronics"/>
      <property name="Sheetname" value=""/>
      <property name="Sheetfile" value="flatsat.kicad_sch"/>
      <sheetpath names="/" tstamps="/"/>
      <tstamps>433afe6a-f9b4-44f7-acf8-ad8195ce0ab2</tstamps>
    </comp>
    <comp ref="TP2">
      <value>TestPoint</value>
      <footprint>flatsat:2.5drillhole_padconnector</footprint>
      <fields>
        <field name="MPN">1502-3</field>
        <field name="Manufacturer">Keystone Electronics</field>
      </fields>
      <libsource lib="Connector" part="TestPoint" description="test point"/>
      <property name="MPN" value="1502-3"/>
      <property name="Manufacturer" value="Keystone Electronics"/>
      <property name="Sheetname" value=""/>
      <property name="Sheetfile" value="flatsat.kicad_sch"/>
      <sheetpath names="/" tstamps="/"/>
      <tstamps>b804194f-5f87-475e-9c0b-73179ca9860f</tstamps>
    </comp>
    <comp ref="TP3">
      <value>TestPoint</value>
      <footprint>flatsat:2.5drillhole_padconnector</footprint>
      <fields>
        <field name="MPN">1502-3</field>
        <field name="Manufacturer">Keystone Electronics</field>
      </fields>
      <libsource lib="Connector" part="TestPoint" description="test point"/>
      <property name="MPN" value="1502-3"/>
      <property name="Manufacturer" value="Keystone Electronics"/>
      <property name="Sheetname" value=""/>
      <property name="Sheetfile" value="flatsat.kicad_sch"/>
      <sheetpath names="/" tstamps="/"/>
      <tstamps>6cf43918-258d-4128-882a-b7964490d41b</tstamps>
    </comp>
    <comp ref="TP4">
      <value>TestPoint</value>
      <footprint>flatsat:2.5drillhole_padconnector</footprint>
      <fields>
        <field name="MPN">1502-3</field>
        <field name="Manufacturer">Keystone Electronics</field>
      </fields>
      <libsource lib="Connector" part="TestPoint" description="test point"/>
      <property name="MPN" value="1502-3"/>
      <property name="Manufacturer" value="Keystone Electronics"/>
      <property name="Sheetname" value=""/>
      <property name="Sheetfile" value="flatsat.kicad_sch"/>
      <sheetpath names="/" tstamps="/"/>
      <tstamps>6af67805-6491-4078-868f-ed027a229987</tstamps>
    </comp>
    <comp ref="TP5">
      <value>TestPoint</value>
      <footprint>flatsat:2.5drillhole_padconnector</footprint>
      <fields>
        <field name="MPN">1502-3</field>
        <field name="Manufacturer">Keystone Electronics</field>
      </fields>
      <libsource lib="Connector" part="TestPoint" description="test point"/>
      <property name="MPN" value="1502-3"/>
      <property name="Manufacturer" value="Keystone Electronics"/>
      <property name="Sheetname" value=""/>
      <property name="Sheetfile" value="flatsat.kicad_sch"/>
      <sheetpath names="/" tstamps="/"/>
      <tstamps>d774e0b6-8675-49f5-a4d9-00ff9abf064b</tstamps>
    </comp>
    <comp ref="U1">
      <value>NCP1117-3.3_SOT223</value>
      <footprint>Package_TO_SOT_SMD:SOT-223-3_TabPin2</footprint>
      <datasheet>http://www.onsemi.com/pub_link/Collateral/NCP1117-D.PDF</datasheet>
      <fields>
        <field name="MPN">NCP1117ST33T3G</field>
        <field name="Manufacturer">onsemi</field>
      </fields>
      <libsource lib="Regulator_Linear" part="NCP1117-3.3_SOT223" description="1A Low drop-out regulator, Fixed Output 3.3V, SOT-223"/>
      <property name="MPN" value="NCP1117ST33T3G"/>
      <property name="Manufacturer" value="onsemi"/>
      <property name="Sheetname" value=""/>
      <property name="Sheetfile" value="flatsat.kicad_sch"/>
      <sheetpath names="/" tstamps="/"/>
      <tstamps>38873dc0-c77c-4d89-a94d-16b2f49c2d26</tstamps>
    </comp>
  </components>
  <libparts>
    <libpart lib="Connector" part="Conn_01x01_Male">
      <description>Generic connector, single row, 01x01, script generated (kicad-library-utils/schlib/autogen/connector/)</description>
      <docs>~</docs>
      <footprints>
        <fp>Connector*:*</fp>
      </footprints>
      <fields>
        <field name="Reference">J</field>
        <field name="Value">Conn_01x01_Male</field>
        <field name="Datasheet">~</field>
      </fields>
      <pins>
        <pin num="1" name="Pin_1" type="passive"/>
      </pins>
    </libpart>
    <libpart lib="Connector" part="Conn_01x02_Male">
      <description>Generic connector, single row, 01x02, script generated (kicad-library-utils/schlib/autogen/connector/)</description>
      <docs>~</docs>
      <footprints>
        <fp>Connector*:*_1x??_*</fp>
      </footprints>
      <fields>
        <field name="Reference">J</field>
        <field name="Value">Conn_01x02_Male</field>
        <field name="Datasheet">~</field>
      </fields>
      <pins>
        <pin num="1" name="Pin_1" type="passive"/>
        <pin num="2" name="Pin_2" type="passive"/>
      </pins>
    </libpart>
    <libpart lib="Connector" part="TestPoint">
      <description>test point</description>
      <docs>~</docs>
      <footprints>
        <fp>Pin*</fp>
        <fp>Test*</fp>
      </footprints>
      <fields>
        <field name="Reference">TP</field>
        <field name="Value">TestPoint</field>
        <field name="Datasheet">~</field>
      </fields>
      <pins>
        <pin num="1" name="1" type="passive"/>
      </pins>
    </libpart>
    <libpart lib="Connector_Generic" part="Conn_02x26_Odd_Even">
      <description>Generic connector, double row, 02x26, odd/even pin numbering scheme (row 1 odd numbers, row 2 even numbers), script generated (kicad-library-utils/schlib/autogen/connector/)</description>
      <docs>~</docs>
      <footprints>
        <fp>Connector*:*_2x??_*</fp>
      </footprints>
      <fields>
        <field name="Reference">J</field>
        <field name="Value">Conn_02x26_Odd_Even</field>
        <field name="Datasheet">~</field>
      </fields>
      <pins>
        <pin num="1" name="Pin_1" type="passive"/>
        <pin num="2" name="Pin_2" type="passive"/>
        <pin num="3" name="Pin_3" type="passive"/>
        <pin num="4" name="Pin_4" type="passive"/>
        <pin num="5" name="Pin_5" type="passive"/>
        <pin num="6" name="Pin_6" type="passive"/>
        <pin num="7" name="Pin_7" type="passive"/>
        <pin num="8" name="Pin_8" type="passive"/>
        <pin num="9" name="Pin_9" type="passive"/>
        <pin num="10" name="Pin_10" type="passive"/>
        <pin num="11" name="Pin_11" type="passive"/>
        <pin num="12" name="Pin_12" type="passive"/>
        <pin num="13" name="Pin_13" type="passive"/>
        <pin num="14" name="Pin_14" type="passive"/>
        <pin num="15" name="Pin_15" type="passive"/>
        <pin num="16" name="Pin_16" type="passive"/>
        <pin num="17" name="Pin_17" type="passive"/>
        <pin num="18" name="Pin_18" type="passive"/>
        <pin num="19" name="Pin_19" type="passive"/>
        <pin num="20" name="Pin_20" type="passive"/>
        <pin num="21" name="Pin_21" type="passive"/>
        <pin num="22" name="Pin_22" type="passive"/>
        <pin num="23" name="Pin_23" type="passive"/>
        <pin num="24" name="Pin_24" type="passive"/>
        <pin num="25" name="Pin_25" type="passive"/>
        <pin num="26" name="Pin_26" type="passive"/>
        <pin num="27" name="Pin_27" type="passive"/>
        <pin num="28" name="Pin_28" type="passive"/>
        <pin num="29" name="Pin_29" type="passive"/>
        <pin num="30" name="Pin_30" type="passive"/>
        <pin num="31" name="Pin_31" type="passive"/>
        <pin num="32" name="Pin_32" type="passive"/>
        <pin num="33" name="Pin_33" type="passive"/>
        <pin num="34" name="Pin_34" type="passive"/>
        <pin num="35" name="Pin_35" type="passive"/>
        <pin num="36" name="Pin_36" type="passive"/>
        <pin num="37" name="Pin_37" type="passive"/>
        <pin num="38" name="Pin_38" type="passive"/>
        <pin num="39" name="Pin_39" type="passive"/>
        <pin num="40" name="Pin_40" type="passive"/>
        <pin num="41" name="Pin_41" type="passive"/>
        <pin num="42" name="Pin_42" type="passive"/>
        <pin num="43" name="Pin_43" type="passive"/>
        <pin num="44" name="Pin_44" type="passive"/>
        <pin num="45" name="Pin_45" type="passive"/>
        <pin num="46" name="Pin_46" type="passive"/>
        <pin num="47" name="Pin_47" type="passive"/>
        <pin num="48" name="Pin_48" type="passive"/>
        <pin num="49" name="Pin_49" type="passive"/>
        <pin num="50" name="Pin_50" type="passive"/>
        <pin num="51" name="Pin_51" type="passive"/>
        <pin num="52" name="Pin_52" type="passive"/>
      </pins>
    </libpart>
    <libpart lib="Device" part="C_Small">
      <description>Unpolarized capacitor, small symbol</description>
      <docs>~</docs>
      <footprints>
        <fp>C_*</fp>
      </footprints>
      <fields>
        <field name="Reference">C</field>
        <field name="Value">C_Small</field>
        <field name="Datasheet">~</field>
      </fields>
      <pins>
        <pin num="1" name="" type="passive"/>
        <pin num="2" name="" type="passive"/>
      </pins>
    </libpart>
    <libpart lib="Regulator_Linear" part="NCP1117-3.3_SOT223">
      <description>1A Low drop-out regulator, Fixed Output 3.3V, SOT-223</description>
      <docs>http://www.onsemi.com/pub_link/Collateral/NCP1117-D.PDF</docs>
      <footprints>
        <fp>SOT?223*TabPin2*</fp>
      </footprints>
      <fields>
        <field name="Reference">U</field>
        <field name="Value">NCP1117-3.3_SOT223</field>
        <field name="Footprint">Package_TO_SOT_SMD:SOT-223-3_TabPin2</field>
        <field name="Datasheet">http://www.onsemi.com/pub_link/Collateral/NCP1117-D.PDF</field>
      </fields>
      <pins>
        <pin num="1" name="GND" type="power_in"/>
        <pin num="2" name="VO" type="power_out"/>
        <pin num="3" name="VI" type="power_in"/>
      </pins>
    </libpart>
  </libparts>
  <libraries>
    <library logical="Connector">
      <uri>C:\Program Files\KiCad\6.0\share\kicad\symbols\/Connector.kicad_sym</uri>
    </library>
    <library logical="Connector_Generic">
      <uri>C:\Program Files\KiCad\6.0\share\kicad\symbols\/Connector_Generic.kicad_sym</uri>
    </library>
    <library logical="Device">
      <uri>C:\Program Files\KiCad\6.0\share\kicad\symbols\/Device.kicad_sym</uri>
    </library>
    <library logical="Regulator_Linear">
      <uri>C:\Program Files\KiCad\6.0\share\kicad\symbols\/Regulator_Linear.kicad_sym</uri>
    </library>
  </libraries>
  <nets>
    <net code="1" name="/3V3">
      <node ref="1H2" pin="27" pinfunction="Pin_27" pintype="passive"/>
      <node ref="1H2" pin="28" pinfunction="Pin_28" pintype="passive"/>
      <node ref="2H2" pin="27" pinfunction="Pin_27" pintype="passive"/>
      <node ref="2H2" pin="28" pinfunction="Pin_28" pintype="passive"/>
      <node ref="3H2" pin="27" pinfunction="Pin_27" pintype="passive"/>
      <node ref="3H2" pin="28" pinfunction="Pin_28" pintype="passive"/>
      <node ref="4H2" pin="27" pinfunction="Pin_27" pintype="passive"/>
      <node ref="4H2" pin="28" pinfunction="Pin_28" pintype="passive"/>
      <node ref="5H2" pin="27" pinfunction="Pin_27" pintype="passive"/>
      <node ref="5H2" pin="28" pinfunction="Pin_28" pintype="passive"/>
      <node ref="J4" pin="2" pinfunction="Pin_2" pintype="passive"/>
    </net>
    <net code="2" name="/5V">
      <node ref="1H2" pin="25" pinfunction="Pin_25" pintype="passive"/>
      <node ref="1H2" pin="26" pinfunction="Pin_26" pintype="passive"/>
      <node ref="2H2" pin="25" pinfunction="Pin_25" pintype="passive"/>
      <node ref="2H2" pin="26" pinfunction="Pin_26" pintype="passive"/>
      <node ref="3H2" pin="25" pinfunction="Pin_25" pintype="passive"/>
      <node ref="3H2" pin="26" pinfunction="Pin_26" pintype="passive"/>
      <node ref="4H2" pin="25" pinfunction="Pin_25" pintype="passive"/>
      <node ref="4H2" pin="26" pinfunction="Pin_26" pintype="passive"/>
      <node ref="5H2" pin="25" pinfunction="Pin_25" pintype="passive"/>
      <node ref="5H2" pin="26" pinfunction="Pin_26" pintype="passive"/>
      <node ref="C1" pin="1" pintype="passive"/>
      <node ref="J1" pin="1" pinfunction="Pin_1" pintype="passive"/>
      <node ref="J2" pin="1" pinfunction="Pin_1" pintype="passive"/>
      <node ref="U1" pin="3" pinfunction="VI" pintype="power_in"/>
    </net>
    <net code="3" name="/5V_USB">
      <node ref="1H1" pin="32" pinfunction="Pin_32" pintype="passive"/>
      <node ref="2H1" pin="32" pinfunction="Pin_32" pintype="passive"/>
      <node ref="3H1" pin="32" pinfunction="Pin_32" pintype="passive"/>
      <node ref="4H1" pin="32" pinfunction="Pin_32" pintype="passive"/>
      <node ref="5H1" pin="32" pinfunction="Pin_32" pintype="passive"/>
    </net>
    <net code="4" name="/LUP3V3 ">
      <node ref="1H1" pin="48" pinfunction="Pin_48" pintype="passive"/>
      <node ref="2H1" pin="48" pinfunction="Pin_48" pintype="passive"/>
      <node ref="3H1" pin="48" pinfunction="Pin_48" pintype="passive"/>
      <node ref="4H1" pin="48" pinfunction="Pin_48" pintype="passive"/>
      <node ref="5H1" pin="48" pinfunction="Pin_48" pintype="passive"/>
    </net>
    <net code="5" name="/LUP5V">
      <node ref="1H1" pin="51" pinfunction="Pin_51" pintype="passive"/>
      <node ref="2H1" pin="51" pinfunction="Pin_51" pintype="passive"/>
      <node ref="3H1" pin="51" pinfunction="Pin_51" pintype="passive"/>
      <node ref="4H1" pin="51" pinfunction="Pin_51" pintype="passive"/>
      <node ref="5H1" pin="51" pinfunction="Pin_51" pintype="passive"/>
      <node ref="J1" pin="2" pinfunction="Pin_2" pintype="passive"/>
    </net>
    <net code="6" name="/V RTC BUS">
      <node ref="1H1" pin="30" pinfunction="Pin_30" pintype="passive"/>
      <node ref="2H1" pin="30" pinfunction="Pin_30" pintype="passive"/>
      <node ref="3H1" pin="30" pinfunction="Pin_30" pintype="passive"/>
      <node ref="4H1" pin="30" pinfunction="Pin_30" pintype="passive"/>
      <node ref="5H1" pin="30" pinfunction="Pin_30" pintype="passive"/>
    </net>
    <net code="7" name="/VBATT">
      <node ref="1H2" pin="45" pinfunction="Pin_45" pintype="passive"/>
      <node ref="1H2" pin="46" pinfunction="Pin_46" pintype="passive"/>
      <node ref="2H2" pin="45" pinfunction="Pin_45" pintype="passive"/>
      <node ref="2H2" pin="46" pinfunction="Pin_46" pintype="passive"/>
      <node ref="3H2" pin="45" pinfunction="Pin_45" pintype="passive"/>
      <node ref="3H2" pin="46" pinfunction="Pin_46" pintype="passive"/>
      <node ref="4H2" pin="45" pinfunction="Pin_45" pintype="passive"/>
      <node ref="4H2" pin="46" pinfunction="Pin_46" pintype="passive"/>
      <node ref="5H2" pin="45" pinfunction="Pin_45" pintype="passive"/>
      <node ref="5H2" pin="46" pinfunction="Pin_46" pintype="passive"/>
    </net>
    <net code="8" name="/pin1a">
      <node ref="1H1" pin="1" pinfunction="Pin_1" pintype="passive"/>
      <node ref="2H1" pin="1" pinfunction="Pin_1" pintype="passive"/>
      <node ref="3H1" pin="1" pinfunction="Pin_1" pintype="passive"/>
      <node ref="4H1" pin="1" pinfunction="Pin_1" pintype="passive"/>
      <node ref="5H1" pin="1" pinfunction="Pin_1" pintype="passive"/>
    </net>
    <net code="9" name="/pin1b">
      <node ref="1H2" pin="1" pinfunction="Pin_1" pintype="passive"/>
      <node ref="2H2" pin="1" pinfunction="Pin_1" pintype="passive"/>
      <node ref="3H2" pin="1" pinfunction="Pin_1" pintype="passive"/>
      <node ref="4H2" pin="1" pinfunction="Pin_1" pintype="passive"/>
      <node ref="5H2" pin="1" pinfunction="Pin_1" pintype="passive"/>
    </net>
    <net code="10" name="/pin2a">
      <node ref="1H1" pin="2" pinfunction="Pin_2" pintype="passive"/>
      <node ref="2H1" pin="2" pinfunction="Pin_2" pintype="passive"/>
      <node ref="3H1" pin="2" pinfunction="Pin_2" pintype="passive"/>
      <node ref="4H1" pin="2" pinfunction="Pin_2" pintype="passive"/>
      <node ref="5H1" pin="2" pinfunction="Pin_2" pintype="passive"/>
    </net>
    <net code="11" name="/pin3b">
      <node ref="1H2" pin="3" pinfunction="Pin_3" pintype="passive"/>
      <node ref="2H2" pin="3" pinfunction="Pin_3" pintype="passive"/>
      <node ref="3H2" pin="3" pinfunction="Pin_3" pintype="passive"/>
      <node ref="4H2" pin="3" pinfunction="Pin_3" pintype="passive"/>
      <node ref="5H2" pin="3" pinfunction="Pin_3" pintype="passive"/>
    </net>
    <net code="12" name="/pin4a">
      <node ref="1H1" pin="4" pinfunction="Pin_4" pintype="passive"/>
      <node ref="2H1" pin="4" pinfunction="Pin_4" pintype="passive"/>
      <node ref="3H1" pin="4" pinfunction="Pin_4" pintype="passive"/>
      <node ref="4H1" pin="4" pinfunction="Pin_4" pintype="passive"/>
      <node ref="5H1" pin="4" pinfunction="Pin_4" pintype="passive"/>
    </net>
    <net code="13" name="/pin4b">
      <node ref="1H2" pin="4" pinfunction="Pin_4" pintype="passive"/>
      <node ref="2H2" pin="4" pinfunction="Pin_4" pintype="passive"/>
      <node ref="3H2" pin="4" pinfunction="Pin_4" pintype="passive"/>
      <node ref="4H2" pin="4" pinfunction="Pin_4" pintype="passive"/>
      <node ref="5H2" pin="4" pinfunction="Pin_4" pintype="passive"/>
    </net>
    <net code="14" name="/pin5a">
      <node ref="1H1" pin="5" pinfunction="Pin_5" pintype="passive"/>
      <node ref="2H1" pin="5" pinfunction="Pin_5" pintype="passive"/>
      <node ref="3H1" pin="5" pinfunction="Pin_5" pintype="passive"/>
      <node ref="4H1" pin="5" pinfunction="Pin_5" pintype="passive"/>
      <node ref="5H1" pin="5" pinfunction="Pin_5" pintype="passive"/>
    </net>
    <net code="15" name="/pin5b">
      <node ref="1H2" pin="5" pinfunction="Pin_5" pintype="passive"/>
      <node ref="2H2" pin="5" pinfunction="Pin_5" pintype="passive"/>
      <node ref="3H2" pin="5" pinfunction="Pin_5" pintype="passive"/>
      <node ref="4H2" pin="5" pinfunction="Pin_5" pintype="passive"/>
      <node ref="5H2" pin="5" pinfunction="Pin_5" pintype="passive"/>
    </net>
    <net code="16" name="/pin6a">
      <node ref="1H1" pin="6" pinfunction="Pin_6" pintype="passive"/>
      <node ref="2H1" pin="6" pinfunction="Pin_6" pintype="passive"/>
      <node ref="3H1" pin="6" pinfunction="Pin_6" pintype="passive"/>
      <node ref="4H1" pin="6" pinfunction="Pin_6" pintype="passive"/>
      <node ref="5H1" pin="6" pinfunction="Pin_6" pintype="passive"/>
    </net>
    <net code="17" name="/pin6b">
      <node ref="1H2" pin="6" pinfunction="Pin_6" pintype="passive"/>
      <node ref="2H2" pin="6" pinfunction="Pin_6" pintype="passive"/>
      <node ref="3H2" pin="6" pinfunction="Pin_6" pintype="passive"/>
      <node ref="4H2" pin="6" pinfunction="Pin_6" pintype="passive"/>
      <node ref="5H2" pin="6" pinfunction="Pin_6" pintype="passive"/>
    </net>
    <net code="18" name="/pin7a">
      <node ref="1H1" pin="7" pinfunction="Pin_7" pintype="passive"/>
      <node ref="2H1" pin="7" pinfunction="Pin_7" pintype="passive"/>
      <node ref="3H1" pin="7" pinfunction="Pin_7" pintype="passive"/>
      <node ref="4H1" pin="7" pinfunction="Pin_7" pintype="passive"/>
      <node ref="5H1" pin="7" pinfunction="Pin_7" pintype="passive"/>
    </net>
    <net code="19" name="/pin7b">
      <node ref="1H2" pin="7" pinfunction="Pin_7" pintype="passive"/>
      <node ref="2H2" pin="7" pinfunction="Pin_7" pintype="passive"/>
      <node ref="3H2" pin="7" pinfunction="Pin_7" pintype="passive"/>
      <node ref="4H2" pin="7" pinfunction="Pin_7" pintype="passive"/>
      <node ref="5H2" pin="7" pinfunction="Pin_7" pintype="passive"/>
    </net>
    <net code="20" name="/pin8a">
      <node ref="1H1" pin="8" pinfunction="Pin_8" pintype="passive"/>
      <node ref="2H1" pin="8" pinfunction="Pin_8" pintype="passive"/>
      <node ref="3H1" pin="8" pinfunction="Pin_8" pintype="passive"/>
      <node ref="4H1" pin="8" pinfunction="Pin_8" pintype="passive"/>
      <node ref="5H1" pin="8" pinfunction="Pin_8" pintype="passive"/>
    </net>
    <net code="21" name="/pin8b">
      <node ref="1H2" pin="8" pinfunction="Pin_8" pintype="passive"/>
      <node ref="2H2" pin="8" pinfunction="Pin_8" pintype="passive"/>
      <node ref="4H2" pin="8" pinfunction="Pin_8" pintype="passive"/>
      <node ref="5H2" pin="8" pinfunction="Pin_8" pintype="passive"/>
    </net>
    <net code="22" name="/pin9a">
      <node ref="1H1" pin="9" pinfunction="Pin_9" pintype="passive"/>
      <node ref="2H1" pin="9" pinfunction="Pin_9" pintype="passive"/>
      <node ref="3H1" pin="9" pinfunction="Pin_9" pintype="passive"/>
      <node ref="4H1" pin="9" pinfunction="Pin_9" pintype="passive"/>
      <node ref="5H1" pin="9" pinfunction="Pin_9" pintype="passive"/>
    </net>
    <net code="23" name="/pin9b">
      <node ref="1H2" pin="9" pinfunction="Pin_9" pintype="passive"/>
      <node ref="2H2" pin="9" pinfunction="Pin_9" pintype="passive"/>
      <node ref="3H2" pin="9" pinfunction="Pin_9" pintype="passive"/>
      <node ref="4H2" pin="9" pinfunction="Pin_9" pintype="passive"/>
      <node ref="5H2" pin="9" pinfunction="Pin_9" pintype="passive"/>
    </net>
    <net code="24" name="/pin10a">
      <node ref="1H1" pin="10" pinfunction="Pin_10" pintype="passive"/>
      <node ref="2H1" pin="10" pinfunction="Pin_10" pintype="passive"/>
      <node ref="3H1" pin="10" pinfunction="Pin_10" pintype="passive"/>
      <node ref="4H1" pin="10" pinfunction="Pin_10" pintype="passive"/>
      <node ref="5H1" pin="10" pinfunction="Pin_10" pintype="passive"/>
    </net>
    <net code="25" name="/pin10b">
      <node ref="1H2" pin="10" pinfunction="Pin_10" pintype="passive"/>
      <node ref="2H2" pin="10" pinfunction="Pin_10" pintype="passive"/>
      <node ref="3H2" pin="10" pinfunction="Pin_10" pintype="passive"/>
      <node ref="4H2" pin="10" pinfunction="Pin_10" pintype="passive"/>
      <node ref="5H2" pin="10" pinfunction="Pin_10" pintype="passive"/>
    </net>
    <net code="26" name="/pin11a">
      <node ref="1H1" pin="11" pinfunction="Pin_11" pintype="passive"/>
      <node ref="2H1" pin="11" pinfunction="Pin_11" pintype="passive"/>
      <node ref="3H1" pin="11" pinfunction="Pin_11" pintype="passive"/>
      <node ref="4H1" pin="11" pinfunction="Pin_11" pintype="passive"/>
      <node ref="5H1" pin="11" pinfunction="Pin_11" pintype="passive"/>
    </net>
    <net code="27" name="/pin11b">
      <node ref="1H2" pin="11" pinfunction="Pin_11" pintype="passive"/>
      <node ref="2H2" pin="11" pinfunction="Pin_11" pintype="passive"/>
      <node ref="3H2" pin="11" pinfunction="Pin_11" pintype="passive"/>
      <node ref="4H2" pin="11" pinfunction="Pin_11" pintype="passive"/>
      <node ref="5H2" pin="11" pinfunction="Pin_11" pintype="passive"/>
    </net>
    <net code="28" name="/pin12a">
      <node ref="1H1" pin="12" pinfunction="Pin_12" pintype="passive"/>
      <node ref="2H1" pin="12" pinfunction="Pin_12" pintype="passive"/>
      <node ref="3H1" pin="12" pinfunction="Pin_12" pintype="passive"/>
      <node ref="4H1" pin="12" pinfunction="Pin_12" pintype="passive"/>
      <node ref="5H1" pin="12" pinfunction="Pin_12" pintype="passive"/>
    </net>
    <net code="29" name="/pin12b">
      <node ref="1H2" pin="12" pinfunction="Pin_12" pintype="passive"/>
      <node ref="2H2" pin="12" pinfunction="Pin_12" pintype="passive"/>
      <node ref="4H2" pin="12" pinfunction="Pin_12" pintype="passive"/>
      <node ref="5H2" pin="12" pinfunction="Pin_12" pintype="passive"/>
    </net>
    <net code="30" name="/pin13b">
      <node ref="1H2" pin="13" pinfunction="Pin_13" pintype="passive"/>
      <node ref="2H2" pin="13" pinfunction="Pin_13" pintype="passive"/>
      <node ref="3H2" pin="13" pinfunction="Pin_13" pintype="passive"/>
      <node ref="4H2" pin="13" pinfunction="Pin_13" pintype="passive"/>
      <node ref="5H2" pin="13" pinfunction="Pin_13" pintype="passive"/>
    </net>
    <net code="31" name="/pin14a">
      <node ref="1H1" pin="14" pinfunction="Pin_14" pintype="passive"/>
      <node ref="2H1" pin="14" pinfunction="Pin_14" pintype="passive"/>
      <node ref="3H1" pin="14" pinfunction="Pin_14" pintype="passive"/>
      <node ref="4H1" pin="14" pinfunction="Pin_14" pintype="passive"/>
      <node ref="5H1" pin="14" pinfunction="Pin_14" pintype="passive"/>
    </net>
    <net code="32" name="/pin14b">
      <node ref="1H2" pin="14" pinfunction="Pin_14" pintype="passive"/>
      <node ref="2H2" pin="14" pinfunction="Pin_14" pintype="passive"/>
      <node ref="4H2" pin="14" pinfunction="Pin_14" pintype="passive"/>
      <node ref="5H2" pin="14" pinfunction="Pin_14" pintype="passive"/>
    </net>
    <net code="33" name="/pin15a">
      <node ref="1H1" pin="15" pinfunction="Pin_15" pintype="passive"/>
      <node ref="2H1" pin="15" pinfunction="Pin_15" pintype="passive"/>
      <node ref="3H1" pin="15" pinfunction="Pin_15" pintype="passive"/>
      <node ref="4H1" pin="15" pinfunction="Pin_15" pintype="passive"/>
      <node ref="5H1" pin="15" pinfunction="Pin_15" pintype="passive"/>
    </net>
    <net code="34" name="/pin16a">
      <node ref="1H1" pin="16" pinfunction="Pin_16" pintype="passive"/>
      <node ref="2H1" pin="16" pinfunction="Pin_16" pintype="passive"/>
      <node ref="3H1" pin="16" pinfunction="Pin_16" pintype="passive"/>
      <node ref="4H1" pin="16" pinfunction="Pin_16" pintype="passive"/>
      <node ref="5H1" pin="16" pinfunction="Pin_16" pintype="passive"/>
    </net>
    <net code="35" name="/pin16b">
      <node ref="1H2" pin="16" pinfunction="Pin_16" pintype="passive"/>
      <node ref="2H2" pin="16" pinfunction="Pin_16" pintype="passive"/>
      <node ref="3H2" pin="16" pinfunction="Pin_16" pintype="passive"/>
      <node ref="4H2" pin="16" pinfunction="Pin_16" pintype="passive"/>
      <node ref="5H2" pin="16" pinfunction="Pin_16" pintype="passive"/>
    </net>
    <net code="36" name="/pin17a">
      <node ref="1H1" pin="17" pinfunction="Pin_17" pintype="passive"/>
      <node ref="2H1" pin="17" pinfunction="Pin_17" pintype="passive"/>
      <node ref="3H1" pin="17" pinfunction="Pin_17" pintype="passive"/>
      <node ref="4H1" pin="17" pinfunction="Pin_17" pintype="passive"/>
      <node ref="5H1" pin="17" pinfunction="Pin_17" pintype="passive"/>
    </net>
    <net code="37" name="/pin17b">
      <node ref="1H2" pin="17" pinfunction="Pin_17" pintype="passive"/>
      <node ref="2H2" pin="17" pinfunction="Pin_17" pintype="passive"/>
      <node ref="3H2" pin="17" pinfunction="Pin_17" pintype="passive"/>
      <node ref="4H2" pin="17" pinfunction="Pin_17" pintype="passive"/>
      <node ref="5H2" pin="17" pinfunction="Pin_17" pintype="passive"/>
    </net>
    <net code="38" name="/pin18a">
      <node ref="1H1" pin="18" pinfunction="Pin_18" pintype="passive"/>
      <node ref="2H1" pin="18" pinfunction="Pin_18" pintype="passive"/>
      <node ref="3H1" pin="18" pinfunction="Pin_18" pintype="passive"/>
      <node ref="4H1" pin="18" pinfunction="Pin_18" pintype="passive"/>
      <node ref="5H1" pin="18" pinfunction="Pin_18" pintype="passive"/>
    </net>
    <net code="39" name="/pin18b">
      <node ref="1H2" pin="18" pinfunction="Pin_18" pintype="passive"/>
      <node ref="2H2" pin="18" pinfunction="Pin_18" pintype="passive"/>
      <node ref="3H2" pin="18" pinfunction="Pin_18" pintype="passive"/>
      <node ref="4H2" pin="18" pinfunction="Pin_18" pintype="passive"/>
      <node ref="5H2" pin="18" pinfunction="Pin_18" pintype="passive"/>
    </net>
    <net code="40" name="/pin19a">
      <node ref="1H1" pin="19" pinfunction="Pin_19" pintype="passive"/>
      <node ref="2H1" pin="19" pinfunction="Pin_19" pintype="passive"/>
      <node ref="3H1" pin="19" pinfunction="Pin_19" pintype="passive"/>
      <node ref="4H1" pin="19" pinfunction="Pin_19" pintype="passive"/>
      <node ref="5H1" pin="19" pinfunction="Pin_19" pintype="passive"/>
    </net>
    <net code="41" name="/pin19b">
      <node ref="1H2" pin="19" pinfunction="Pin_19" pintype="passive"/>
      <node ref="2H2" pin="19" pinfunction="Pin_19" pintype="passive"/>
      <node ref="3H2" pin="19" pinfunction="Pin_19" pintype="passive"/>
      <node ref="4H2" pin="19" pinfunction="Pin_19" pintype="passive"/>
      <node ref="5H2" pin="19" pinfunction="Pin_19" pintype="passive"/>
    </net>
    <net code="42" name="/pin20a">
      <node ref="1H1" pin="20" pinfunction="Pin_20" pintype="passive"/>
      <node ref="2H1" pin="20" pinfunction="Pin_20" pintype="passive"/>
      <node ref="3H1" pin="20" pinfunction="Pin_20" pintype="passive"/>
      <node ref="4H1" pin="20" pinfunction="Pin_20" pintype="passive"/>
      <node ref="5H1" pin="20" pinfunction="Pin_20" pintype="passive"/>
    </net>
    <net code="43" name="/pin20b">
      <node ref="1H2" pin="20" pinfunction="Pin_20" pintype="passive"/>
      <node ref="2H2" pin="20" pinfunction="Pin_20" pintype="passive"/>
      <node ref="3H2" pin="20" pinfunction="Pin_20" pintype="passive"/>
      <node ref="4H2" pin="20" pinfunction="Pin_20" pintype="passive"/>
      <node ref="5H2" pin="20" pinfunction="Pin_20" pintype="passive"/>
    </net>
    <net code="44" name="/pin21a">
      <node ref="1H1" pin="21" pinfunction="Pin_21" pintype="passive"/>
      <node ref="2H1" pin="21" pinfunction="Pin_21" pintype="passive"/>
      <node ref="3H1" pin="21" pinfunction="Pin_21" pintype="passive"/>
      <node ref="4H1" pin="21" pinfunction="Pin_21" pintype="passive"/>
      <node ref="5H1" pin="21" pinfunction="Pin_21" pintype="passive"/>
    </net>
    <net code="45" name="/pin21b">
      <node ref="1H2" pin="21" pinfunction="Pin_21" pintype="passive"/>
      <node ref="2H2" pin="21" pinfunction="Pin_21" pintype="passive"/>
      <node ref="3H2" pin="21" pinfunction="Pin_21" pintype="passive"/>
      <node ref="4H2" pin="21" pinfunction="Pin_21" pintype="passive"/>
      <node ref="5H2" pin="21" pinfunction="Pin_21" pintype="passive"/>
    </net>
    <net code="46" name="/pin22a">
      <node ref="1H1" pin="22" pinfunction="Pin_22" pintype="passive"/>
      <node ref="2H1" pin="22" pinfunction="Pin_22" pintype="passive"/>
      <node ref="3H1" pin="22" pinfunction="Pin_22" pintype="passive"/>
      <node ref="4H1" pin="22" pinfunction="Pin_22" pintype="passive"/>
      <node ref="5H1" pin="22" pinfunction="Pin_22" pintype="passive"/>
    </net>
    <net code="47" name="/pin22b">
      <node ref="1H2" pin="22" pinfunction="Pin_22" pintype="passive"/>
      <node ref="2H2" pin="22" pinfunction="Pin_22" pintype="passive"/>
      <node ref="3H2" pin="22" pinfunction="Pin_22" pintype="passive"/>
      <node ref="4H2" pin="22" pinfunction="Pin_22" pintype="passive"/>
      <node ref="5H2" pin="22" pinfunction="Pin_22" pintype="passive"/>
    </net>
    <net code="48" name="/pin23a">
      <node ref="1H1" pin="23" pinfunction="Pin_23" pintype="passive"/>
      <node ref="2H1" pin="23" pinfunction="Pin_23" pintype="passive"/>
      <node ref="3H1" pin="23" pinfunction="Pin_23" pintype="passive"/>
      <node ref="4H1" pin="23" pinfunction="Pin_23" pintype="passive"/>
      <node ref="5H1" pin="23" pinfunction="Pin_23" pintype="passive"/>
    </net>
    <net code="49" name="/pin23b">
      <node ref="1H2" pin="23" pinfunction="Pin_23" pintype="passive"/>
      <node ref="2H2" pin="23" pinfunction="Pin_23" pintype="passive"/>
      <node ref="3H2" pin="23" pinfunction="Pin_23" pintype="passive"/>
      <node ref="4H2" pin="23" pinfunction="Pin_23" pintype="passive"/>
      <node ref="5H2" pin="23" pinfunction="Pin_23" pintype="passive"/>
    </net>
    <net code="50" name="/pin24a">
      <node ref="1H1" pin="24" pinfunction="Pin_24" pintype="passive"/>
      <node ref="2H1" pin="24" pinfunction="Pin_24" pintype="passive"/>
      <node ref="3H1" pin="24" pinfunction="Pin_24" pintype="passive"/>
      <node ref="4H1" pin="24" pinfunction="Pin_24" pintype="passive"/>
      <node ref="5H1" pin="24" pinfunction="Pin_24" pintype="passive"/>
    </net>
    <net code="51" name="/pin24b">
      <node ref="1H2" pin="24" pinfunction="Pin_24" pintype="passive"/>
      <node ref="2H2" pin="24" pinfunction="Pin_24" pintype="passive"/>
      <node ref="3H2" pin="24" pinfunction="Pin_24" pintype="passive"/>
      <node ref="4H2" pin="24" pinfunction="Pin_24" pintype="passive"/>
      <node ref="5H2" pin="24" pinfunction="Pin_24" pintype="passive"/>
    </net>
    <net code="52" name="/pin25a">
      <node ref="1H1" pin="25" pinfunction="Pin_25" pintype="passive"/>
      <node ref="2H1" pin="25" pinfunction="Pin_25" pintype="passive"/>
      <node ref="3H1" pin="25" pinfunction="Pin_25" pintype="passive"/>
      <node ref="4H1" pin="25" pinfunction="Pin_25" pintype="passive"/>
      <node ref="5H1" pin="25" pinfunction="Pin_25" pintype="passive"/>
    </net>
    <net code="53" name="/pin26a">
      <node ref="1H1" pin="26" pinfunction="Pin_26" pintype="passive"/>
      <node ref="2H1" pin="26" pinfunction="Pin_26" pintype="passive"/>
      <node ref="3H1" pin="26" pinfunction="Pin_26" pintype="passive"/>
      <node ref="4H1" pin="26" pinfunction="Pin_26" pintype="passive"/>
      <node ref="5H1" pin="26" pinfunction="Pin_26" pintype="passive"/>
    </net>
    <net code="54" name="/pin27a">
      <node ref="1H1" pin="27" pinfunction="Pin_27" pintype="passive"/>
      <node ref="2H1" pin="27" pinfunction="Pin_27" pintype="passive"/>
      <node ref="3H1" pin="27" pinfunction="Pin_27" pintype="passive"/>
      <node ref="4H1" pin="27" pinfunction="Pin_27" pintype="passive"/>
      <node ref="5H1" pin="27" pinfunction="Pin_27" pintype="passive"/>
    </net>
    <net code="55" name="/pin28a">
      <node ref="1H1" pin="28" pinfunction="Pin_28" pintype="passive"/>
      <node ref="2H1" pin="28" pinfunction="Pin_28" pintype="passive"/>
      <node ref="3H1" pin="28" pinfunction="Pin_28" pintype="passive"/>
      <node ref="4H1" pin="28" pinfunction="Pin_28" pintype="passive"/>
      <node ref="5H1" pin="28" pinfunction="Pin_28" pintype="passive"/>
    </net>
    <net code="56" name="/pin29a">
      <node ref="1H1" pin="29" pinfunction="Pin_29" pintype="passive"/>
      <node ref="2H1" pin="29" pinfunction="Pin_29" pintype="passive"/>
      <node ref="3H1" pin="29" pinfunction="Pin_29" pintype="passive"/>
      <node ref="4H1" pin="29" pinfunction="Pin_29" pintype="passive"/>
      <node ref="5H1" pin="29" pinfunction="Pin_29" pintype="passive"/>
    </net>
    <net code="57" name="/pin31a">
      <node ref="1H1" pin="31" pinfunction="Pin_31" pintype="passive"/>
      <node ref="2H1" pin="31" pinfunction="Pin_31" pintype="passive"/>
      <node ref="3H1" pin="31" pinfunction="Pin_31" pintype="passive"/>
      <node ref="4H1" pin="31" pinfunction="Pin_31" pintype="passive"/>
      <node ref="5H1" pin="31" pinfunction="Pin_31" pintype="passive"/>
    </net>
    <net code="58" name="/pin33a">
      <node ref="1H1" pin="33" pinfunction="Pin_33" pintype="passive"/>
      <node ref="2H1" pin="33" pinfunction="Pin_33" pintype="passive"/>
      <node ref="3H1" pin="33" pinfunction="Pin_33" pintype="passive"/>
      <node ref="4H1" pin="33" pinfunction="Pin_33" pintype="passive"/>
      <node ref="5H1" pin="33" pinfunction="Pin_33" pintype="passive"/>
    </net>
    <net code="59" name="/pin33b">
      <node ref="1H2" pin="33" pinfunction="Pin_33" pintype="passive"/>
      <node ref="2H2" pin="33" pinfunction="Pin_33" pintype="passive"/>
      <node ref="3H2" pin="33" pinfunction="Pin_33" pintype="passive"/>
      <node ref="4H2" pin="33" pinfunction="Pin_33" pintype="passive"/>
      <node ref="5H2" pin="33" pinfunction="Pin_33" pintype="passive"/>
    </net>
    <net code="60" name="/pin34a">
      <node ref="1H1" pin="34" pinfunction="Pin_34" pintype="passive"/>
      <node ref="2H1" pin="34" pinfunction="Pin_34" pintype="passive"/>
      <node ref="3H1" pin="34" pinfunction="Pin_34" pintype="passive"/>
      <node ref="4H1" pin="34" pinfunction="Pin_34" pintype="passive"/>
      <node ref="5H1" pin="34" pinfunction="Pin_34" pintype="passive"/>
    </net>
    <net code="61" name="/pin34b">
      <node ref="1H2" pin="34" pinfunction="Pin_34" pintype="passive"/>
      <node ref="2H2" pin="34" pinfunction="Pin_34" pintype="passive"/>
      <node ref="3H2" pin="34" pinfunction="Pin_34" pintype="passive"/>
      <node ref="4H2" pin="34" pinfunction="Pin_34" pintype="passive"/>
      <node ref="5H2" pin="34" pinfunction="Pin_34" pintype="passive"/>
    </net>
    <net code="62" name="/pin35a">
      <node ref="1H1" pin="35" pinfunction="Pin_35" pintype="passive"/>
      <node ref="2H1" pin="35" pinfunction="Pin_35" pintype="passive"/>
      <node ref="3H1" pin="35" pinfunction="Pin_35" pintype="passive"/>
      <node ref="4H1" pin="35" pinfunction="Pin_35" pintype="passive"/>
      <node ref="5H1" pin="35" pinfunction="Pin_35" pintype="passive"/>
    </net>
    <net code="63" name="/pin35b">
      <node ref="1H2" pin="35" pinfunction="Pin_35" pintype="passive"/>
      <node ref="2H2" pin="35" pinfunction="Pin_35" pintype="passive"/>
      <node ref="3H2" pin="35" pinfunction="Pin_35" pintype="passive"/>
      <node ref="4H2" pin="35" pinfunction="Pin_35" pintype="passive"/>
      <node ref="5H2" pin="35" pinfunction="Pin_35" pintype="passive"/>
    </net>
    <net code="64" name="/pin36a">
      <node ref="1H1" pin="36" pinfunction="Pin_36" pintype="passive"/>
      <node ref="2H1" pin="36" pinfunction="Pin_36" pintype="passive"/>
      <node ref="3H1" pin="36" pinfunction="Pin_36" pintype="passive"/>
      <node ref="4H1" pin="36" pinfunction="Pin_36" pintype="passive"/>
      <node ref="5H1" pin="36" pinfunction="Pin_36" pintype="passive"/>
    </net>
    <net code="65" name="/pin36b">
      <node ref="1H2" pin="36" pinfunction="Pin_36" pintype="passive"/>
      <node ref="2H2" pin="36" pinfunction="Pin_36" pintype="passive"/>
      <node ref="3H2" pin="36" pinfunction="Pin_36" pintype="passive"/>
      <node ref="4H2" pin="36" pinfunction="Pin_36" pintype="passive"/>
      <node ref="5H2" pin="36" pinfunction="Pin_36" pintype="passive"/>
    </net>
    <net code="66" name="/pin37a">
      <node ref="1H1" pin="37" pinfunction="Pin_37" pintype="passive"/>
      <node ref="2H1" pin="37" pinfunction="Pin_37" pintype="passive"/>
      <node ref="3H1" pin="37" pinfunction="Pin_37" pintype="passive"/>
      <node ref="4H1" pin="37" pinfunction="Pin_37" pintype="passive"/>
      <node ref="5H1" pin="37" pinfunction="Pin_37" pintype="passive"/>
    </net>
    <net code="67" name="/pin37b">
      <node ref="1H2" pin="37" pinfunction="Pin_37" pintype="passive"/>
      <node ref="2H2" pin="37" pinfunction="Pin_37" pintype="passive"/>
      <node ref="3H2" pin="37" pinfunction="Pin_37" pintype="passive"/>
      <node ref="4H2" pin="37" pinfunction="Pin_37" pintype="passive"/>
      <node ref="5H2" pin="37" pinfunction="Pin_37" pintype="passive"/>
    </net>
    <net code="68" name="/pin38b">
      <node ref="1H2" pin="38" pinfunction="Pin_38" pintype="passive"/>
      <node ref="2H2" pin="38" pinfunction="Pin_38" pintype="passive"/>
      <node ref="3H2" pin="38" pinfunction="Pin_38" pintype="passive"/>
      <node ref="4H2" pin="38" pinfunction="Pin_38" pintype="passive"/>
      <node ref="5H2" pin="38" pinfunction="Pin_38" pintype="passive"/>
    </net>
    <net code="69" name="/pin39a">
      <node ref="1H1" pin="39" pinfunction="Pin_39" pintype="passive"/>
      <node ref="2H1" pin="39" pinfunction="Pin_39" pintype="passive"/>
      <node ref="3H1" pin="39" pinfunction="Pin_39" pintype="passive"/>
      <node ref="4H1" pin="39" pinfunction="Pin_39" pintype="passive"/>
      <node ref="5H1" pin="39" pinfunction="Pin_39" pintype="passive"/>
    </net>
    <net code="70" name="/pin39b">
      <node ref="1H2" pin="39" pinfunction="Pin_39" pintype="passive"/>
      <node ref="2H2" pin="39" pinfunction="Pin_39" pintype="passive"/>
      <node ref="3H2" pin="39" pinfunction="Pin_39" pintype="passive"/>
      <node ref="4H2" pin="39" pinfunction="Pin_39" pintype="passive"/>
      <node ref="5H2" pin="39" pinfunction="Pin_39" pintype="passive"/>
    </net>
    <net code="71" name="/pin40a">
      <node ref="1H1" pin="40" pinfunction="Pin_40" pintype="passive"/>
      <node ref="2H1" pin="40" pinfunction="Pin_40" pintype="passive"/>
      <node ref="3H1" pin="40" pinfunction="Pin_40" pintype="passive"/>
      <node ref="4H1" pin="40" pinfunction="Pin_40" pintype="passive"/>
      <node ref="5H1" pin="40" pinfunction="Pin_40" pintype="passive"/>
    </net>
    <net code="72" name="/pin40b">
      <node ref="1H2" pin="40" pinfunction="Pin_40" pintype="passive"/>
      <node ref="2H2" pin="40" pinfunction="Pin_40" pintype="passive"/>
      <node ref="3H2" pin="40" pinfunction="Pin_40" pintype="passive"/>
      <node ref="4H2" pin="40" pinfunction="Pin_40" pintype="passive"/>
      <node ref="5H2" pin="40" pinfunction="Pin_40" pintype="passive"/>
    </net>
    <net code="73" name="/pin41a">
      <node ref="1H1" pin="41" pinfunction="Pin_41" pintype="passive"/>
      <node ref="2H1" pin="41" pinfunction="Pin_41" pintype="passive"/>
      <node ref="3H1" pin="41" pinfunction="Pin_41" pintype="passive"/>
      <node ref="4H1" pin="41" pinfunction="Pin_41" pintype="passive"/>
      <node ref="5H1" pin="41" pinfunction="Pin_41" pintype="passive"/>
    </net>
    <net code="74" name="/pin41b">
      <node ref="1H2" pin="41" pinfunction="Pin_41" pintype="passive"/>
      <node ref="2H2" pin="41" pinfunction="Pin_41" pintype="passive"/>
      <node ref="3H2" pin="41" pinfunction="Pin_41" pintype="passive"/>
      <node ref="4H2" pin="41" pinfunction="Pin_41" pintype="passive"/>
      <node ref="5H2" pin="41" pinfunction="Pin_41" pintype="passive"/>
    </net>
    <net code="75" name="/pin42b">
      <node ref="1H2" pin="42" pinfunction="Pin_42" pintype="passive"/>
      <node ref="2H2" pin="42" pinfunction="Pin_42" pintype="passive"/>
      <node ref="3H2" pin="42" pinfunction="Pin_42" pintype="passive"/>
      <node ref="4H2" pin="42" pinfunction="Pin_42" pintype="passive"/>
      <node ref="5H2" pin="42" pinfunction="Pin_42" pintype="passive"/>
    </net>
    <net code="76" name="/pin43a">
      <node ref="1H1" pin="43" pinfunction="Pin_43" pintype="passive"/>
      <node ref="2H1" pin="43" pinfunction="Pin_43" pintype="passive"/>
      <node ref="3H1" pin="43" pinfunction="Pin_43" pintype="passive"/>
      <node ref="4H1" pin="43" pinfunction="Pin_43" pintype="passive"/>
      <node ref="5H1" pin="43" pinfunction="Pin_43" pintype="passive"/>
    </net>
    <net code="77" name="/pin43b">
      <node ref="1H2" pin="43" pinfunction="Pin_43" pintype="passive"/>
      <node ref="2H2" pin="43" pinfunction="Pin_43" pintype="passive"/>
      <node ref="3H2" pin="43" pinfunction="Pin_43" pintype="passive"/>
      <node ref="4H2" pin="43" pinfunction="Pin_43" pintype="passive"/>
      <node ref="5H2" pin="43" pinfunction="Pin_43" pintype="passive"/>
    </net>
    <net code="78" name="/pin44a">
      <node ref="1H1" pin="44" pinfunction="Pin_44" pintype="passive"/>
      <node ref="2H1" pin="44" pinfunction="Pin_44" pintype="passive"/>
      <node ref="3H1" pin="44" pinfunction="Pin_44" pintype="passive"/>
      <node ref="4H1" pin="44" pinfunction="Pin_44" pintype="passive"/>
      <node ref="5H1" pin="44" pinfunction="Pin_44" pintype="passive"/>
    </net>
    <net code="79" name="/pin44b">
      <node ref="1H2" pin="44" pinfunction="Pin_44" pintype="passive"/>
      <node ref="2H2" pin="44" pinfunction="Pin_44" pintype="passive"/>
      <node ref="3H2" pin="44" pinfunction="Pin_44" pintype="passive"/>
      <node ref="4H2" pin="44" pinfunction="Pin_44" pintype="passive"/>
      <node ref="5H2" pin="44" pinfunction="Pin_44" pintype="passive"/>
    </net>
    <net code="80" name="/pin45a">
      <node ref="1H1" pin="45" pinfunction="Pin_45" pintype="passive"/>
      <node ref="2H1" pin="45" pinfunction="Pin_45" pintype="passive"/>
      <node ref="3H1" pin="45" pinfunction="Pin_45" pintype="passive"/>
      <node ref="4H1" pin="45" pinfunction="Pin_45" pintype="passive"/>
      <node ref="5H1" pin="45" pinfunction="Pin_45" pintype="passive"/>
    </net>
    <net code="81" name="/pin47a">
      <node ref="1H1" pin="47" pinfunction="Pin_47" pintype="passive"/>
      <node ref="2H1" pin="47" pinfunction="Pin_47" pintype="passive"/>
      <node ref="3H1" pin="47" pinfunction="Pin_47" pintype="passive"/>
      <node ref="4H1" pin="47" pinfunction="Pin_47" pintype="passive"/>
      <node ref="5H1" pin="47" pinfunction="Pin_47" pintype="passive"/>
    </net>
    <net code="82" name="/pin47b">
      <node ref="1H2" pin="47" pinfunction="Pin_47" pintype="passive"/>
      <node ref="2H2" pin="47" pinfunction="Pin_47" pintype="passive"/>
      <node ref="3H2" pin="47" pinfunction="Pin_47" pintype="passive"/>
      <node ref="4H2" pin="47" pinfunction="Pin_47" pintype="passive"/>
      <node ref="5H2" pin="47" pinfunction="Pin_47" pintype="passive"/>
    </net>
    <net code="83" name="/pin48b">
      <node ref="1H2" pin="48" pinfunction="Pin_48" pintype="passive"/>
      <node ref="2H2" pin="48" pinfunction="Pin_48" pintype="passive"/>
      <node ref="3H2" pin="48" pinfunction="Pin_48" pintype="passive"/>
      <node ref="4H2" pin="48" pinfunction="Pin_48" pintype="passive"/>
      <node ref="5H2" pin="48" pinfunction="Pin_48" pintype="passive"/>
    </net>
    <net code="84" name="/pin49a">
      <node ref="1H1" pin="49" pinfunction="Pin_49" pintype="passive"/>
      <node ref="2H1" pin="49" pinfunction="Pin_49" pintype="passive"/>
      <node ref="3H1" pin="49" pinfunction="Pin_49" pintype="passive"/>
      <node ref="4H1" pin="49" pinfunction="Pin_49" pintype="passive"/>
      <node ref="5H1" pin="49" pinfunction="Pin_49" pintype="passive"/>
    </net>
    <net code="85" name="/pin49b">
      <node ref="1H2" pin="49" pinfunction="Pin_49" pintype="passive"/>
      <node ref="2H2" pin="49" pinfunction="Pin_49" pintype="passive"/>
      <node ref="3H2" pin="49" pinfunction="Pin_49" pintype="passive"/>
      <node ref="4H2" pin="49" pinfunction="Pin_49" pintype="passive"/>
      <node ref="5H2" pin="49" pinfunction="Pin_49" pintype="passive"/>
    </net>
    <net code="86" name="/pin50b">
      <node ref="1H2" pin="50" pinfunction="Pin_50" pintype="passive"/>
      <node ref="2H2" pin="50" pinfunction="Pin_50" pintype="passive"/>
      <node ref="3H2" pin="50" pinfunction="Pin_50" pintype="passive"/>
      <node ref="4H2" pin="50" pinfunction="Pin_50" pintype="passive"/>
      <node ref="5H2" pin="50" pinfunction="Pin_50" pintype="passive"/>
    </net>
    <net code="87" name="/pin51b">
      <node ref="1H2" pin="51" pinfunction="Pin_51" pintype="passive"/>
      <node ref="2H2" pin="51" pinfunction="Pin_51" pintype="passive"/>
      <node ref="3H2" pin="51" pinfunction="Pin_51" pintype="passive"/>
      <node ref="4H2" pin="51" pinfunction="Pin_51" pintype="passive"/>
      <node ref="5H2" pin="51" pinfunction="Pin_51" pintype="passive"/>
    </net>
    <net code="88" name="/pin52a">
      <node ref="1H1" pin="52" pinfunction="Pin_52" pintype="passive"/>
      <node ref="2H1" pin="52" pinfunction="Pin_52" pintype="passive"/>
      <node ref="3H1" pin="52" pinfunction="Pin_52" pintype="passive"/>
      <node ref="4H1" pin="52" pinfunction="Pin_52" pintype="passive"/>
      <node ref="5H1" pin="52" pinfunction="Pin_52" pintype="passive"/>
    </net>
    <net code="89" name="/pin52b">
      <node ref="1H2" pin="52" pinfunction="Pin_52" pintype="passive"/>
      <node ref="2H2" pin="52" pinfunction="Pin_52" pintype="passive"/>
      <node ref="3H2" pin="52" pinfunction="Pin_52" pintype="passive"/>
      <node ref="4H2" pin="52" pinfunction="Pin_52" pintype="passive"/>
      <node ref="5H2" pin="52" pinfunction="Pin_52" pintype="passive"/>
    </net>
    <net code="90" name="GND">
      <node ref="1H1" pin="13" pinfunction="Pin_13" pintype="passive"/>
      <node ref="1H1" pin="3" pinfunction="Pin_3" pintype="passive"/>
      <node ref="1H1" pin="38" pinfunction="Pin_38" pintype="passive"/>
      <node ref="1H1" pin="42" pinfunction="Pin_42" pintype="passive"/>
      <node ref="1H1" pin="46" pinfunction="Pin_46" pintype="passive"/>
      <node ref="1H1" pin="50" pinfunction="Pin_50" pintype="passive"/>
      <node ref="1H2" pin="15" pinfunction="Pin_15" pintype="passive"/>
      <node ref="1H2" pin="2" pinfunction="Pin_2" pintype="passive"/>
      <node ref="1H2" pin="29" pinfunction="Pin_29" pintype="passive"/>
      <node ref="1H2" pin="30" pinfunction="Pin_30" pintype="passive"/>
      <node ref="1H2" pin="31" pinfunction="Pin_31" pintype="passive"/>
      <node ref="1H2" pin="32" pinfunction="Pin_32" pintype="passive"/>
      <node ref="2H1" pin="13" pinfunction="Pin_13" pintype="passive"/>
      <node ref="2H1" pin="3" pinfunction="Pin_3" pintype="passive"/>
      <node ref="2H1" pin="38" pinfunction="Pin_38" pintype="passive"/>
      <node ref="2H1" pin="42" pinfunction="Pin_42" pintype="passive"/>
      <node ref="2H1" pin="46" pinfunction="Pin_46" pintype="passive"/>
      <node ref="2H1" pin="50" pinfunction="Pin_50" pintype="passive"/>
      <node ref="2H2" pin="15" pinfunction="Pin_15" pintype="passive"/>
      <node ref="2H2" pin="2" pinfunction="Pin_2" pintype="passive"/>
      <node ref="2H2" pin="29" pinfunction="Pin_29" pintype="passive"/>
      <node ref="2H2" pin="30" pinfunction="Pin_30" pintype="passive"/>
      <node ref="2H2" pin="31" pinfunction="Pin_31" pintype="passive"/>
      <node ref="2H2" pin="32" pinfunction="Pin_32" pintype="passive"/>
      <node ref="3H1" pin="13" pinfunction="Pin_13" pintype="passive"/>
      <node ref="3H1" pin="3" pinfunction="Pin_3" pintype="passive"/>
      <node ref="3H1" pin="38" pinfunction="Pin_38" pintype="passive"/>
      <node ref="3H1" pin="42" pinfunction="Pin_42" pintype="passive"/>
      <node ref="3H1" pin="46" pinfunction="Pin_46" pintype="passive"/>
      <node ref="3H1" pin="50" pinfunction="Pin_50" pintype="passive"/>
      <node ref="3H2" pin="15" pinfunction="Pin_15" pintype="passive"/>
      <node ref="3H2" pin="2" pinfunction="Pin_2" pintype="passive"/>
      <node ref="3H2" pin="29" pinfunction="Pin_29" pintype="passive"/>
      <node ref="3H2" pin="30" pinfunction="Pin_30" pintype="passive"/>
      <node ref="3H2" pin="31" pinfunction="Pin_31" pintype="passive"/>
      <node ref="3H2" pin="32" pinfunction="Pin_32" pintype="passive"/>
      <node ref="4H1" pin="13" pinfunction="Pin_13" pintype="passive"/>
      <node ref="4H1" pin="3" pinfunction="Pin_3" pintype="passive"/>
      <node ref="4H1" pin="38" pinfunction="Pin_38" pintype="passive"/>
      <node ref="4H1" pin="42" pinfunction="Pin_42" pintype="passive"/>
      <node ref="4H1" pin="46" pinfunction="Pin_46" pintype="passive"/>
      <node ref="4H1" pin="50" pinfunction="Pin_50" pintype="passive"/>
      <node ref="4H2" pin="15" pinfunction="Pin_15" pintype="passive"/>
      <node ref="4H2" pin="2" pinfunction="Pin_2" pintype="passive"/>
      <node ref="4H2" pin="29" pinfunction="Pin_29" pintype="passive"/>
      <node ref="4H2" pin="30" pinfunction="Pin_30" pintype="passive"/>
      <node ref="4H2" pin="31" pinfunction="Pin_31" pintype="passive"/>
      <node ref="4H2" pin="32" pinfunction="Pin_32" pintype="passive"/>
      <node ref="5H1" pin="13" pinfunction="Pin_13" pintype="passive"/>
      <node ref="5H1" pin="3" pinfunction="Pin_3" pintype="passive"/>
      <node ref="5H1" pin="38" pinfunction="Pin_38" pintype="passive"/>
      <node ref="5H1" pin="42" pinfunction="Pin_42" pintype="passive"/>
      <node ref="5H1" pin="46" pinfunction="Pin_46" pintype="passive"/>
      <node ref="5H1" pin="50" pinfunction="Pin_50" pintype="passive"/>
      <node ref="5H2" pin="15" pinfunction="Pin_15" pintype="passive"/>
      <node ref="5H2" pin="2" pinfunction="Pin_2" pintype="passive"/>
      <node ref="5H2" pin="29" pinfunction="Pin_29" pintype="passive"/>
      <node ref="5H2" pin="30" pinfunction="Pin_30" pintype="passive"/>
      <node ref="5H2" pin="31" pinfunction="Pin_31" pintype="passive"/>
      <node ref="5H2" pin="32" pinfunction="Pin_32" pintype="passive"/>
      <node ref="C1" pin="2" pintype="passive"/>
      <node ref="C2" pin="2" pintype="passive"/>
      <node ref="J3" pin="1" pinfunction="Pin_1" pintype="passive"/>
      <node ref="TP1" pin="1" pinfunction="1" pintype="passive"/>
      <node ref="TP2" pin="1" pinfunction="1" pintype="passive"/>
      <node ref="TP3" pin="1" pinfunction="1" pintype="passive"/>
      <node ref="TP4" pin="1" pinfunction="1" pintype="passive"/>
      <node ref="TP5" pin="1" pinfunction="1" pintype="passive"/>
      <node ref="U1" pin="1" pinfunction="GND" pintype="power_in"/>
    </net>
    <net code="91" name="Net-(C2-Pad1)">
      <node ref="C2" pin="1" pintype="passive"/>
      <node ref="J4" pin="1" pinfunction="Pin_1" pintype="passive"/>
      <node ref="U1" pin="2" pinfunction="VO" pintype="power_out"/>
    </net>
    <net code="92" name="unconnected-(3H2-Pad8)">
      <node ref="3H2" pin="8" pinfunction="Pin_8" pintype="passive"/>
    </net>
    <net code="93" name="unconnected-(3H2-Pad12)">
      <node ref="3H2" pin="12" pinfunction="Pin_12" pintype="passive"/>
    </net>
    <net code="94" name="unconnected-(3H2-Pad14)">
      <node ref="3H2" pin="14" pinfunction="Pin_14" pintype="passive"/>
    </net>
  </nets>
</export>
