"Source:","C:\Users\antsa\Downloads\flatsat\flatsat\flatsat.kicad_sch"
"Date:","3/10/2023 6:45:48 PM"
"Tool:","Eeschema (6.0.9)"
"Generator:","C:\Program Files\KiCad\6.0\bin\scripting\plugins/bom_csv_grouped_by_value.py"
"Component Count:","22"

"Individual Components:"

"Item","Qty","Reference(s)","Value","LibPart","Footprint","Datasheet","MPN","Manufacturer"
"","","1H1","Conn_02x26_Odd_Even","Connector_Generic:Conn_02x26_Odd_Even","SilverSat_footprints:TheBus2x26","~","ESQ-126-39-G-D","SAMTECH"
"","","1H2","Conn_02x26_Odd_Even","Connector_Generic:Conn_02x26_Odd_Even","SilverSat_footprints:TheBus2x26","~","ESQ-126-39-G-D","SAMTECH"
"","","2H1","Conn_02x26_Odd_Even","Connector_Generic:Conn_02x26_Odd_Even","SilverSat_footprints:TheBus2x26","~","ESQ-126-37-G-D","SAMTECH"
"","","2H2","Conn_02x26_Odd_Even","Connector_Generic:Conn_02x26_Odd_Even","SilverSat_footprints:TheBus2x26","~","ESQ-126-37-G-D","SAMTECH"
"","","3H1","Conn_02x26_Odd_Even","Connector_Generic:Conn_02x26_Odd_Even","SilverSat_footprints:TheBus2x26","~","ESQ-126-37-G-D","SAMTECH"
"","","3H2","Conn_02x26_Odd_Even","Connector_Generic:Conn_02x26_Odd_Even","SilverSat_footprints:TheBus2x26","~","ESQ-126-37-G-D","SAMTECH"
"","","4H1","Conn_02x26_Odd_Even","Connector_Generic:Conn_02x26_Odd_Even","SilverSat_footprints:TheBus2x26","~","ESQ-126-37-G-D","SAMTECH"
"","","4H2","Conn_02x26_Odd_Even","Connector_Generic:Conn_02x26_Odd_Even","SilverSat_footprints:TheBus2x26","~","ESQ-126-37-G-D","SAMTECH"
"","","5H1","Conn_02x26_Odd_Even","Connector_Generic:Conn_02x26_Odd_Even","SilverSat_footprints:TheBus2x26","~","ESQ-126-37-G-D","SAMTECH"
"","","5H2","Conn_02x26_Odd_Even","Connector_Generic:Conn_02x26_Odd_Even","SilverSat_footprints:TheBus2x26","~","ESQ-126-37-G-D","SAMTECH"
"","","C1","10u","Device:C_Small","Capacitor_SMD:C_2220_5650Metric_Pad1.97x5.40mm_HandSolder","~","22205C106K4Z4A","KYOCERA AVX"
"","","C2","10u","Device:C_Small","Capacitor_SMD:C_2220_5650Metric_Pad1.97x5.40mm_HandSolder","~","22205C106K4Z4A","KYOCERA AVX"
"","","J1","Conn_01x02_Male","Connector:Conn_01x02_Male","Connector_PinHeader_2.54mm:PinHeader_1x02_P2.54mm_Vertical","~","",""
"","","J2","Conn_01x01_Male","Connector:Conn_01x01_Male","Connector:CalTest_CT3151","~","CT3151-0","Cal Test Electronics"
"","","J3","Conn_01x01_Male","Connector:Conn_01x01_Male","Connector:CalTest_CT3151","~","CT3151-0","Cal Test Electronics"
"","","J4","Conn_01x02_Male","Connector:Conn_01x02_Male","Connector_PinHeader_2.54mm:PinHeader_1x02_P2.54mm_Vertical","~","",""
"","","TP1","TestPoint","Connector:TestPoint","flatsat:2.5drillhole_padconnector","~","1502-3","Keystone Electronics"
"","","TP2","TestPoint","Connector:TestPoint","flatsat:2.5drillhole_padconnector","~","1502-3","Keystone Electronics"
"","","TP3","TestPoint","Connector:TestPoint","flatsat:2.5drillhole_padconnector","~","1502-3","Keystone Electronics"
"","","TP4","TestPoint","Connector:TestPoint","flatsat:2.5drillhole_padconnector","~","1502-3","Keystone Electronics"
"","","TP5","TestPoint","Connector:TestPoint","flatsat:2.5drillhole_padconnector","~","1502-3","Keystone Electronics"
"","","U1","NCP1117-3.3_SOT223","Regulator_Linear:NCP1117-3.3_SOT223","Package_TO_SOT_SMD:SOT-223-3_TabPin2","http://www.onsemi.com/pub_link/Collateral/NCP1117-D.PDF","NCP1117ST33T3G","onsemi"



"Collated Components:"

"Item","Qty","Reference(s)","Value","LibPart","Footprint","Datasheet","MPN","Manufacturer"
"1","10","1H1, 1H2, 2H1, 2H2, 3H1, 3H2, 4H1, 4H2, 5H1, 5H2","Conn_02x26_Odd_Even","Connector_Generic:Conn_02x26_Odd_Even","SilverSat_footprints:TheBus2x26","~","ESQ-126-39-G-D","SAMTECH"
"2","2","C1, C2","10u","Device:C_Small","Capacitor_SMD:C_2220_5650Metric_Pad1.97x5.40mm_HandSolder","~","22205C106K4Z4A","KYOCERA AVX"
"3","2","J1, J4","Conn_01x02_Male","Connector:Conn_01x02_Male","Connector_PinHeader_2.54mm:PinHeader_1x02_P2.54mm_Vertical","~","",""
"4","2","J2, J3","Conn_01x01_Male","Connector:Conn_01x01_Male","Connector:CalTest_CT3151","~","CT3151-0","Cal Test Electronics"
"5","5","TP1, TP2, TP3, TP4, TP5","TestPoint","Connector:TestPoint","flatsat:2.5drillhole_padconnector","~","1502-3","Keystone Electronics"
"6","1","U1","NCP1117-3.3_SOT223","Regulator_Linear:NCP1117-3.3_SOT223","Package_TO_SOT_SMD:SOT-223-3_TabPin2","http://www.onsemi.com/pub_link/Collateral/NCP1117-D.PDF","NCP1117ST33T3G","onsemi"
